Workbook

Sheet HUL_Data
A1: HUL Historical Data
A3: Date | B3: Adj Close | C3: Close | D3: High | E3: Low | F3: Open | G3: Volume
A4: 44372 | B4: 2245.2473 | C4: 2448.6499 | D4: 2489.95 | E4: 2445 | F4: 2488 | G4: 1112942
A5: 44375 | B5: 2255.8379 | C5: 2460.2 | D5: 2465 | E5: 2437.3 | F5: 2450.1001 | G5: 694906
A6: 44376 | B6: 2285.5007 | C6: 2492.55 | D6: 2497.5 | E6: 2445 | F6: 2455 | G6: 1354397
A7: 44377 | B7: 2266.0159 | C7: 2471.3 | D7: 2505 | E7: 2463 | F7: 2492.55 | G7: 1447245
A8: 44378 | B8: 2272.1589 | C8: 2478 | D8: 2484 | E8: 2463 | F8: 2484 | G8: 735043
A9: 44379 | B9: 2280.6865 | C9: 2487.3 | D9: 2492.7 | E9: 2452 | F9: 2478 | G9: 860231
A10: 44382 | B10: 2291.4607 | C10: 2499.05 | D10: 2513.3999 | E10: 2485.05 | F10: 2499 | G10: 761700
A11: 44383 | B11: 2267.1162 | C11: 2472.5 | D11: 2497.95 | E11: 2469 | F11: 2490 | G11: 461782
A12: 44384 | B12: 2275.5056 | C12: 2481.6499 | D12: 2490.8 | E12: 2445.8501 | F12: 2458 | G12: 623145
A13: 44385 | B13: 2244.2388 | C13: 2447.55 | D13: 2469.75 | E13: 2438.45 | F13: 2462.2 | G13: 1114426
A14: 44386 | B14: 2247.8145 | C14: 2451.45 | D14: 2464.5 | E14: 2438.45 | F14: 2440 | G14: 538094
A15: 44389 | B15: 2241.1211 | C15: 2444.1499 | D15: 2459.8999 | E15: 2430 | F15: 2453 | G15: 543898
... A1241: 46198 | B1241: 2174.2 | C1241: 2174.2 | D1241: 2200.8999 | E1241: 2161 | F1241: 2161 | G1241: 1898262

Sheet Daily Growth
A1: HUL Growth
A3: =HUL_Data!A3 -> Date | B3: =HUL_Data!B3 -> Adj Close | C3: Growth
A4: =HUL_Data!A4 -> 44372 | B4: =ROUND(HUL_Data!B4,2) -> 2245.25 | C4: 0 | E4: 5year
A5: =ROUND(HUL_Data!A5,2) -> 44375 | B5: =ROUND(HUL_Data!B5,2) -> 2255.84 | C5: =ROUND(B5/B4-1,4) -> 0.0047 | E5: =1235/5 -> 247
A6: =ROUND(HUL_Data!A6,2) -> 44376 | B6: =ROUND(HUL_Data!B6,2) -> 2285.5 | C6: =ROUND(B6/B5-1,4) -> 0.0131
A7: =ROUND(HUL_Data!A7,2) -> 44377 | B7: =ROUND(HUL_Data!B7,2) -> 2266.02 | C7: =ROUND(B7/B6-1,4) -> -0.0085
A8: =ROUND(HUL_Data!A8,2) -> 44378 | B8: =ROUND(HUL_Data!B8,2) -> 2272.16 | C8: =ROUND(B8/B7-1,4) -> 0.0027
A9: =ROUND(HUL_Data!A9,2) -> 44379 | B9: =ROUND(HUL_Data!B9,2) -> 2280.69 | C9: =ROUND(B9/B8-1,4) -> 0.0038
A10: =ROUND(HUL_Data!A10,2) -> 44382 | B10: =ROUND(HUL_Data!B10,2) -> 2291.46 | C10: =ROUND(B10/B9-1,4) -> 0.0047
A11: =ROUND(HUL_Data!A11,2) -> 44383 | B11: =ROUND(HUL_Data!B11,2) -> 2267.12 | C11: =ROUND(B11/B10-1,4) -> -0.0106
A12: =ROUND(HUL_Data!A12,2) -> 44384 | B12: =ROUND(HUL_Data!B12,2) -> 2275.51 | C12: =ROUND(B12/B11-1,4) -> 0.0037
A13: =ROUND(HUL_Data!A13,2) -> 44385 | B13: =ROUND(HUL_Data!B13,2) -> 2244.24 | C13: =ROUND(B13/B12-1,4) -> -0.0137
A14: =ROUND(HUL_Data!A14,2) -> 44386 | B14: =ROUND(HUL_Data!B14,2) -> 2247.81 | C14: =ROUND(B14/B13-1,4) -> 0.0016
A15: =ROUND(HUL_Data!A15,2) -> 44389 | B15: =ROUND(HUL_Data!B15,2) -> 2241.12 | C15: =ROUND(B15/B14-1,4) -> -0.003
A16: =ROUND(HUL_Data!A16,2) -> 44390 | B16: =ROUND(HUL_Data!B16,2) -> 2234.29 | C16: =ROUND(B16/B15-1,4) -> -0.003
A17: =ROUND(HUL_Data!A17,2) -> 44391 | B17: =ROUND(HUL_Data!B17,2) -> 2214.26 | C17: =ROUND(B17/B16-1,4) -> -0.009
... A1238: =ROUND(HUL_Data!A1238,2) -> 46195 | B1238: =ROUND(HUL_Data!B1238,2) -> 2162.9 | C1238: =ROUND(B1238/B1237-1,4) -> -0.0044
A1239: =HUL_Data!A1239 -> 46196 | B1239: =ROUND(HUL_Data!B1239,2) -> 2160.1 | C1239: =ROUND(B1239/B1238-1,4) -> -0.0013
A1240: =HUL_Data!A1240 -> 46197 | B1240: =ROUND(HUL_Data!B1240,2) -> 2157.8 | C1240: =ROUND(B1240/B1239-1,4) -> -0.0011

Sheet Share Price Analysis
A1: Growth Rate Of HUL
A3: Row Labels | B3: Count of Adj Close
A4: 1811.67-1911.67 | B4: 14
A5: 1911.67-2011.67 | B5: 22
A6: 2011.67-2111.67 | B6: 56
A7: 2111.67-2211.67 | B7: 163
A8: 2211.67-2311.67 | B8: 199
A9: 2311.67-2411.67 | B9: 279
A10: 2411.67-2511.67 | B10: 305
A11: 2511.67-2611.67 | B11: 119
A12: 2611.67-2711.67 | B12: 53
A13: 2711.67-2811.67 | B13: 13
A14: 2811.67-2911.67 | B14: 13
A15: 2911.67-3011.67 | B15: 1
A16: Grand Total | B16: 1237

Sheet Growth Rate
A1: Growth Rate Of HUL
A3: Row Labels | B3: Count of Growth
A4: -0.074--0.064 | B4: 1
A5: -0.064--0.054 | B5: 1
A6: -0.054--0.044 | B6: 1
A7: -0.044--0.034 | B7: 10
A8: -0.034--0.024 | B8: 27
A9: -0.024--0.014 | B9: 80
A10: -0.014--0.004 | B10: 303
A11: -0.003-0.006 | B11: 480
A12: 0.006-0.016 | B12: 227
A13: 0.016-0.026 | B13: 73
A14: 0.026-0.036 | B14: 22
A15: 0.036-0.046 | B15: 6
... A18: Grand Total | B18: 1237

Sheet Nifty50_data
A1: Nifty50 Historical Data
A3: Date | B3: Adj Close | C3: Close | D3: High | E3: Low | F3: Open | G3: Volume
A4: 44372 | B4: 15860.35 | C4: 15860.35 | D4: 15870.8 | E4: 15772.3 | F4: 15839.35 | G4: 314600
A5: 44375 | B5: 15814.7 | C5: 15814.7 | D5: 15915.65 | E5: 15792.15 | F5: 15915.35 | G5: 255100
A6: 44376 | B6: 15748.45 | C6: 15748.45 | D6: 15835.9 | E6: 15724.05 | F6: 15807.5 | G6: 360300
A7: 44377 | B7: 15721.5 | C7: 15721.5 | D7: 15839.1 | E7: 15708.75 | F7: 15776.9 | G7: 262400
A8: 44378 | B8: 15680 | C8: 15680 | D8: 15755.55 | E8: 15667.05 | F8: 15755.05 | G8: 224900
A9: 44379 | B9: 15722.2 | C9: 15722.2 | D9: 15738.35 | E9: 15635.95 | F9: 15705.85 | G9: 254800
A10: 44382 | B10: 15834.35 | C10: 15834.35 | D10: 15845.95 | E10: 15762.05 | F10: 15793.4 | G10: 207000
A11: 44383 | B11: 15818.25 | C11: 15818.25 | D11: 15914.2 | E11: 15801 | F11: 15813.75 | G11: 391400
A12: 44384 | B12: 15879.65 | C12: 15879.65 | D12: 15893.55 | E12: 15779.7 | F12: 15819.6 | G12: 329300
A13: 44385 | B13: 15727.9 | C13: 15727.9 | D13: 15885.75 | E13: 15682.9 | F13: 15855.4 | G13: 307900
A14: 44386 | B14: 15689.8 | C14: 15689.8 | D14: 15730.85 | E14: 15632.75 | F14: 15688.25 | G14: 243200
A15: 44389 | B15: 15692.6 | C15: 15692.6 | D15: 15789.2 | E15: 15644.75 | F15: 15766.8 | G15: 216300
... A1238: 46198 | B1238: 24056 | C1238: 24056 | D1238: 24261.6 | E1238: 24039 | F1238: 24125.85 | G1238: 448800

Sheet Market growth
A3: Row Labels | B3: Count of Growth of market | C3: Sum of Growth of HUL
A4: -0.0593--0.0493 | B4: 1 | C4: 0.0596
A5: -0.0493--0.0393 | B5: 1 | C5: -0.0394
A6: -0.0393--0.0293 | B6: 3 | C6: -0.0214
A7: -0.0293--0.0193 | B7: 19 | C7: -0.1314
A8: -0.0193--0.0093 | B8: 113 | C8: -0.8919
A9: -0.0093-0.0007 | B9: 496 | C9: -0.7528
A10: 0.0006-0.0107 | B10: 495 | C10: 0.9773
A11: 0.0107-0.0207 | B11: 90 | C11: 0.5757
A12: 0.0207-0.0307 | B12: 12 | C12: 0.1988
A13: 0.0307-0.0407 | B13: 4 | C13: 0.0878
A14: Grand Total | B14: 1234 | C14: 0.0623

Sheet Market return
A1: Growth of Market
A3: =Nifty50_data!A3 -> Date | B3: Month | C3: Adjusted Closing of market | D3: Adjusted Closing of HUL | E3: Growth of market | F3: Growth of HUL
A4: =Nifty50_data!A4 -> 44372 | B4: =TEXT(A4,"mm-yyyy") -> 06-2021 | C4: =ROUND(Nifty50_data!B4,2) -> 15860.35 | D4: ='Daily Growth'!B4 -> 2245.25 | E4: =ROUND(Forecasted!G4,4) -> 0 | F4: ='Daily Growth'!C4 -> 0
A5: =Nifty50_data!A5 -> 44375 | B5: =TEXT(A5,"mm-yyyy") -> 06-2021 | C5: =ROUND(Nifty50_data!B5,2) -> 15814.7 | D5: ='Daily Growth'!B5 -> 2255.84 | E5: =ROUND(Forecasted!G5,4) -> -0.0029 | F5: ='Daily Growth'!C5 -> 0.0047
A6: =Nifty50_data!A6 -> 44376 | B6: =TEXT(A6,"mm-yyyy") -> 06-2021 | C6: =ROUND(Nifty50_data!B6,2) -> 15748.45 | D6: ='Daily Growth'!B6 -> 2285.5 | E6: =ROUND(Forecasted!G6,4) -> -0.0042 | F6: ='Daily Growth'!C6 -> 0.0131
A7: =Nifty50_data!A7 -> 44377 | B7: =TEXT(A7,"mm-yyyy") -> 06-2021 | C7: =ROUND(Nifty50_data!B7,2) -> 15721.5 | D7: ='Daily Growth'!B7 -> 2266.02 | E7: =ROUND(Forecasted!G7,4) -> -0.0017 | F7: ='Daily Growth'!C7 -> -0.0085
A8: =Nifty50_data!A8 -> 44378 | B8: =TEXT(A8,"mm-yyyy") -> 07-2021 | C8: =ROUND(Nifty50_data!B8,2) -> 15680 | D8: ='Daily Growth'!B8 -> 2272.16 | E8: =ROUND(Forecasted!G8,4) -> -0.0026 | F8: ='Daily Growth'!C8 -> 0.0027
A9: =Nifty50_data!A9 -> 44379 | B9: =TEXT(A9,"mm-yyyy") -> 07-2021 | C9: =ROUND(Nifty50_data!B9,2) -> 15722.2 | D9: ='Daily Growth'!B9 -> 2280.69 | E9: =ROUND(Forecasted!G9,4) -> 0.0027 | F9: ='Daily Growth'!C9 -> 0.0038
A10: =Nifty50_data!A10 -> 44382 | B10: =TEXT(A10,"mm-yyyy") -> 07-2021 | C10: =ROUND(Nifty50_data!B10,2) -> 15834.35 | D10: ='Daily Growth'!B10 -> 2291.46 | E10: =ROUND(Forecasted!G10,4) -> 0.0071 | F10: ='Daily Growth'!C10 -> 0.0047
A11: =Nifty50_data!A11 -> 44383 | B11: =TEXT(A11,"mm-yyyy") -> 07-2021 | C11: =ROUND(Nifty50_data!B11,2) -> 15818.25 | D11: ='Daily Growth'!B11 -> 2267.12 | E11: =ROUND(Forecasted!G11,4) -> -0.001 | F11: ='Daily Growth'!C11 -> -0.0106
A12: =Nifty50_data!A12 -> 44384 | B12: =TEXT(A12,"mm-yyyy") -> 07-2021 | C12: =ROUND(Nifty50_data!B12,2) -> 15879.65 | D12: ='Daily Growth'!B12 -> 2275.51 | E12: =ROUND(Forecasted!G12,4) -> 0.0039 | F12: ='Daily Growth'!C12 -> 0.0037
A13: =Nifty50_data!A13 -> 44385 | B13: =TEXT(A13,"mm-yyyy") -> 07-2021 | C13: =ROUND(Nifty50_data!B13,2) -> 15727.9 | D13: ='Daily Growth'!B13 -> 2244.24 | E13: =ROUND(Forecasted!G13,4) -> -0.0096 | F13: ='Daily Growth'!C13 -> -0.0137
A14: =Nifty50_data!A14 -> 44386 | B14: =TEXT(A14,"mm-yyyy") -> 07-2021 | C14: =ROUND(Nifty50_data!B14,2) -> 15689.8 | D14: ='Daily Growth'!B14 -> 2247.81 | E14: =ROUND(Forecasted!G14,4) -> -0.0024 | F14: ='Daily Growth'!C14 -> 0.0016
A15: =Nifty50_data!A15 -> 44389 | B15: =TEXT(A15,"mm-yyyy") -> 07-2021 | C15: =ROUND(Nifty50_data!B15,2) -> 15692.6 | D15: ='Daily Growth'!B15 -> 2241.12 | E15: =ROUND(Forecasted!G15,4) -> 0.0002 | F15: ='Daily Growth'!C15 -> -0.003
... A1237: =Nifty50_data!A1237 -> 46197 | B1237: =TEXT(A1237,"mm-yyyy") -> 06-2026 | C1237: =ROUND(Nifty50_data!B1237,2) -> 24021.65 | D1237: ='Daily Growth'!B1237 -> 2172.5 | E1237: =ROUND(Forecasted!G1237,4) -> 0.0083 | F1237: ='Daily Growth'!C1237 -> -0.0108

Sheet monthly market growth
B3: Values
A4: month | B4: Sum of Growth of HUL | C4: Sum of Growth of market
A5: 01-2022 | B5: -0.0353 | C5: 0.0003
A6: 01-2023 | B6: 0.0085 | C6: -0.0243
A7: 01-2024 | B7: -0.0672 | C7: 0.0008
A8: 01-2025 | B8: 0.0609 | C8: -0.005
A9: 01-2026 | B9: 0.017 | C9: -0.031
A10: 02-2022 | B10: -0.0437 | C10: -0.0288
A11: 02-2023 | B11: -0.0456 | C11: -0.0203
A12: 02-2024 | B12: -0.0279 | C12: 0.0121
A13: 02-2025 | B13: -0.1182 | C13: -0.06
A14: 02-2026 | B14: 0.0151 | C14: -0.0047
A15: 03-2022 | B15: -0.0537 | C15: 0.041
A16: 03-2023 | B16: 0.041 | C16: 0.0038
... A66: Grand Total | B66: 0.0497 | C66: 0.4329

Sheet Yearly Growth
A1: Yearly Growth of market and company
A3: Row Labels | B3: Sum of Growth of market | C3: Sum of Growth of HUL
A4: 2021 | B4: 0.0934 | C4: 0.0021
A5: 2022 | B5: 0.0575 | C5: 0.1275
A6: 2023 | B6: 0.1872 | C6: 0.0655
A7: 2024 | B7: 0.0952 | C7: -0.0925
A8: 2025 | B8: 0.1068 | C8: 0.0308
A9: 2026 | B9: -0.0939 | C9: -0.0711
A10: Grand Total | B10: 0.4462 | C10: 0.0623

Sheet Descriptive analysis
A1: HUL price | C1: Market price
A3: Mean | B3: 2358.5697 | C3: Mean | D3: 20822.545
A4: Standard Error | B4: 4.9731367 | C4: Standard Error | D4: 100.8427
A5: Median | B5: 2369.8008 | C5: Median | D5: 20267.9
A6: Mode | B6: 2122.6594 | C6: Mode | D6: 0
A7: Standard Deviation | B7: 174.91024 | C7: Standard Deviation | D7: 3546.7398
A8: Sample Variance | B8: 30593.593 | C8: Sample Variance | D8: 12579364
A9: Kurtosis | B9: 0.49930241 | C9: Kurtosis | D9: 1.1165762
A10: Skewness | B10: -0.092205699 | C10: Skewness | D10: -0.4104823
A11: Range | B11: 1127.7871 | C11: Range | D11: 26328.551
A12: Minimum | B12: 1811.6672 | C12: Minimum | D12: 0
A13: Maximum | B13: 2939.4543 | C13: Maximum | D13: 26328.551
A14: Sum | B14: 2917550.7 | C14: Sum | D14: 25757488
... A18: Confidence Level(95.0%) | B18: 9.7567229 | C18: Confidence Level(95.0%) | D18: 197.8418

Sheet Regression
A1: SUMMARY OUTPUT
A3: Regression Statistics
A4: Multiple R | B4: 0.32553447
A5: R Square | B5: 0.10597269
A6: Adjusted R Square | B6: 0.10524878
A7: Standard Error | B7: 165.44986
A8: Observations | B8: 1237
A10: ANOVA
B11: df | C11: SS | D11: MS | E11: F | F11: Significance F
A12: Regression | B12: 1 | C12: 4007217.5 | D12: 4007217.5 | E12: 146.38957 | F12: 6.3040315e-32
A13: Residual | B13: 1235 | C13: 33806463 | D13: 27373.655
A14: Total | B14: 1236 | C14: 37813681
B16: Coefficients | C16: Standard Error | D16: t Stat | E16: P-value | F16: Lower 95% | G16: Upper 95% | H16: Lower 95.0% | I16: Upper 95.0%
A17: Intercept | B17: 2024.2849 | C17: 28.026385 | D17: 72.227826 | E17: 0 | F17: 1969.3003 | G17: 2079.2695 | H17: 1969.3003 | I17: 2079.2695
A18: market price | B18: 0.016053986 | C18: 0.0013268683 | D18: 12.099156 | E18: 6.3040315e-32 | F18: 0.013450821 | G18: 0.018657152 | H18: 0.013450821 | I18: 0.018657152
A22: RESIDUAL OUTPUT
A24: Observation | B24: Predicted hul price | C24: Residuals
A25: 1 | B25: 2275.2946 | C25: -108.70397
A26: 2 | B26: 2276.9385 | C26: -89.380868
A27: 3 | B27: 2277.9274 | C27: -101.68107
A28: 4 | B28: 2278.1281 | C28: -87.895413
A29: 5 | B29: 2279.0496 | C29: -63.48391
A30: 6 | B30: 2277.4169 | C30: -47.076803
A31: 7 | B31: 2276.1944 | C31: -36.777153
A32: 8 | B32: 2276.0651 | C32: 23.74394
A33: 9 | B33: 2277.079 | C33: 51.860984
A34: 10 | B34: 2277.5004 | C34: 29.116813
A35: 11 | B35: 2276.1229 | C35: 21.463236
A36: 12 | B36: 2277.7845 | C36: 28.740125
... A1261: 1237 | B1261: 2024.2849 | C1261: 85.815236

Sheet Forecasted
A1: HUL Return | E1: Market Return
I2: Actual Price
A3: =HUL_Data!A3 -> Date | B3: =HUL_Data!B3 -> Adj Close | C3: Growth | E3: =Nifty50_data!A3 -> Date | F3: =Nifty50_data!B3 -> Adj Close | G3: =C3 -> Growth | I3: hul price | J3: market price | L3: X | M3: Y | O3: =Regression!B24 -> Predicted hul price | P3: =Regression!C24 -> Residuals
A4: =HUL_Data!A4 -> 44372 | B4: =HUL_Data!B4 -> 2245.2473 | C4: 0 | E4: =Nifty50_data!A4 -> 44372 | F4: =Nifty50_data!B4 -> 15860.35 | G4: 0 | I4: =B4 -> 2245.2473 | J4: =F4 -> 15860.35 | L4: =G4 -> 0 | M4: =C4 -> 0 | O4: =Regression!B25 -> 2275.2946 | P4: =Regression!C25 -> -108.70397
A5: =HUL_Data!A5 -> 44375 | B5: =HUL_Data!B5 -> 2255.8379 | C5: =B5/B4-1 -> 0.0047168862 | E5: =Nifty50_data!A5 -> 44375 | F5: =Nifty50_data!B5 -> 15814.7 | G5: =F5/F4-1 -> -0.0028782098 | I5: =B5 -> 2255.8379 | J5: =F5 -> 15814.7 | L5: =G5 -> -0.0028782098 | M5: =C5 -> 0.0047168862 | O5: =Regression!B26 -> 2276.9385 | P5: =Regression!C26 -> -89.380868
A6: =HUL_Data!A6 -> 44376 | B6: =HUL_Data!B6 -> 2285.5007 | C6: =B6/B5-1 -> 0.013149368 | E6: =Nifty50_data!A6 -> 44376 | F6: =Nifty50_data!B6 -> 15748.45 | G6: =F6/F5-1 -> -0.0041891404 | I6: =B6 -> 2285.5007 | J6: =F6 -> 15748.45 | L6: =G6 -> -0.0041891404 | M6: =C6 -> 0.013149368 | O6: =Regression!B27 -> 2277.9274 | P6: =Regression!C27 -> -101.68107
A7: =HUL_Data!A7 -> 44377 | B7: =HUL_Data!B7 -> 2266.0159 | C7: =B7/B6-1 -> -0.0085254242 | E7: =Nifty50_data!A7 -> 44377 | F7: =Nifty50_data!B7 -> 15721.5 | G7: =F7/F6-1 -> -0.0017112919 | I7: =B7 -> 2266.0159 | J7: =F7 -> 15721.5 | L7: =G7 -> -0.0017112919 | M7: =C7 -> -0.0085254242 | O7: =Regression!B28 -> 2278.1281 | P7: =Regression!C28 -> -87.895413
A8: =HUL_Data!A8 -> 44378 | B8: =HUL_Data!B8 -> 2272.1589 | C8: =B8/B7-1 -> 0.0027109547 | E8: =Nifty50_data!A8 -> 44378 | F8: =Nifty50_data!B8 -> 15680 | G8: =F8/F7-1 -> -0.0026396972 | I8: =B8 -> 2272.1589 | J8: =F8 -> 15680 | L8: =G8 -> -0.0026396972 | M8: =C8 -> 0.0027109547 | O8: =Regression!B29 -> 2279.0496 | P8: =Regression!C29 -> -63.48391
A9: =HUL_Data!A9 -> 44379 | B9: =HUL_Data!B9 -> 2280.6865 | C9: =B9/B8-1 -> 0.0037530772 | E9: =Nifty50_data!A9 -> 44379 | F9: =Nifty50_data!B9 -> 15722.2 | G9: =F9/F8-1 -> 0.002691339 | I9: =B9 -> 2280.6865 | J9: =F9 -> 15722.2 | L9: =G9 -> 0.002691339 | M9: =C9 -> 0.0037530772 | O9: =Regression!B30 -> 2277.4169 | P9: =Regression!C30 -> -47.076803
A10: =HUL_Data!A10 -> 44382 | B10: =HUL_Data!B10 -> 2291.4607 | C10: =B10/B9-1 -> 0.0047240907 | E10: =Nifty50_data!A10 -> 44382 | F10: =Nifty50_data!B10 -> 15834.35 | G10: =F10/F9-1 -> 0.0071331883 | I10: =B10 -> 2291.4607 | J10: =F10 -> 15834.35 | L10: =G10 -> 0.0071331883 | M10: =C10 -> 0.0047240907 | O10: =Regression!B31 -> 2276.1944 | P10: =Regression!C31 -> -36.777153
A11: =HUL_Data!A11 -> 44383 | B11: =HUL_Data!B11 -> 2267.1162 | C11: =B11/B10-1 -> -0.010624002 | E11: =Nifty50_data!A11 -> 44383 | F11: =Nifty50_data!B11 -> 15818.25 | G11: =F11/F10-1 -> -0.0010167522 | I11: =B11 -> 2267.1162 | J11: =F11 -> 15818.25 | L11: =G11 -> -0.0010167522 | M11: =C11 -> -0.010624002 | O11: =Regression!B32 -> 2276.0651 | P11: =Regression!C32 -> 23.74394
A12: =HUL_Data!A12 -> 44384 | B12: =HUL_Data!B12 -> 2275.5056 | C12: =B12/B11-1 -> 0.0037004739 | E12: =Nifty50_data!A12 -> 44384 | F12: =Nifty50_data!B12 -> 15879.65 | G12: =F12/F11-1 -> 0.0038816172 | I12: =B12 -> 2275.5056 | J12: =F12 -> 15879.65 | L12: =G12 -> 0.0038816172 | M12: =C12 -> 0.0037004739 | O12: =Regression!B33 -> 2277.079 | P12: =Regression!C33 -> 51.860984
A13: =HUL_Data!A13 -> 44385 | B13: =HUL_Data!B13 -> 2244.2388 | C13: =B13/B12-1 -> -0.013740615 | E13: =Nifty50_data!A13 -> 44385 | F13: =Nifty50_data!B13 -> 15727.9 | G13: =F13/F12-1 -> -0.0095562557 | I13: =B13 -> 2244.2388 | J13: =F13 -> 15727.9 | L13: =G13 -> -0.0095562557 | M13: =C13 -> -0.013740615 | O13: =Regression!B34 -> 2277.5004 | P13: =Regression!C34 -> 29.116813
A14: =HUL_Data!A14 -> 44386 | B14: =HUL_Data!B14 -> 2247.8145 | C14: =B14/B13-1 -> 0.0015932724 | E14: =Nifty50_data!A14 -> 44386 | F14: =Nifty50_data!B14 -> 15689.8 | G14: =F14/F13-1 -> -0.0024224839 | I14: =B14 -> 2247.8145 | J14: =F14 -> 15689.8 | L14: =G14 -> -0.0024224839 | M14: =C14 -> 0.0015932724 | O14: =Regression!B35 -> 2276.1229 | P14: =Regression!C35 -> 21.463236
A15: =HUL_Data!A15 -> 44389 | B15: =HUL_Data!B15 -> 2241.1211 | C15: =B15/B14-1 -> -0.0029777188 | E15: =Nifty50_data!A15 -> 44389 | F15: =Nifty50_data!B15 -> 15692.6 | G15: =F15/F14-1 -> 0.00017844744 | I15: =B15 -> 2241.1211 | J15: =F15 -> 15692.6 | L15: =G15 -> 0.00017844744 | M15: =C15 -> -0.0029777188 | O15: =Regression!B36 -> 2277.7845 | P15: =Regression!C36 -> 28.740125
A16: =HUL_Data!A16 -> 44390 | B16: =HUL_Data!B16 -> 2234.2898 | C16: =B16/B15-1 -> -0.0030481614 | E16: =Nifty50_data!A16 -> 44390 | F16: =Nifty50_data!B16 -> 15812.35 | G16: =F16/F15-1 -> 0.0076309855 | I16: =B16 -> 2234.2898 | J16: =F16 -> 15812.35 | L16: =G16 -> 0.0076309855 | M16: =C16 -> -0.0030481614 | O16: =Regression!B37 -> 2278.9067 | P16: =Regression!C37 -> -10.821737
... A1237: =HUL_Data!A1237 -> 46192 | B1237: =HUL_Data!B1237 -> 2172.5024 | C1237: =B1237/B1236-1 -> -0.010772968 | E1237: =Nifty50_data!A1237 -> 46197 | F1237: =Nifty50_data!B1237 -> 24021.65 | G1237: =F1237/F1236-1 -> 0.0082920566 | I1237: =B1237 -> 2172.5024 | J1237: =F1237 -> 24021.65 | L1237: =G1237 -> 0.0082920566 | M1237: =C1237 -> -0.010772968 | O1237: =Regression!B1258 -> 2395.5012 | P1237: =Regression!C1258 -> -304.90109
A1238: =HUL_Data!A1238 -> 46195 | B1238: =HUL_Data!B1238 -> 2162.8999 | C1238: =B1238/B1237-1 -> -0.004420036 | I1238: =B1238 -> 2162.8999 | J1238: =F1238 -> 0 | L1238: =G1238 -> 0 | M1238: =C1238 -> -0.004420036 | O1238: =Regression!B1259 -> 2024.2849 | P1238: =Regression!C1259 -> 55.115041
A1239: =HUL_Data!A1239 -> 46196 | B1239: =HUL_Data!B1239 -> 2160.1001 | C1239: =B1239/B1238-1 -> -0.001294468 | I1239: =B1239 -> 2160.1001 | J1239: =F1239 -> 0 | L1239: =G1239 -> 0 | M1239: =C1239 -> -0.001294468 | O1239: =Regression!B1260 -> 2024.2849 | P1239: =Regression!C1260 -> 97.215139
A1240: =HUL_Data!A1240 -> 46197 | B1240: =HUL_Data!B1240 -> 2157.8 | C1240: =B1240/B1239-1 -> -0.0010647881 | I1240: =B1240 -> 2157.8 | J1240: =F1240 -> 0 | L1240: =G1240 -> 0 | M1240: =C1240 -> -0.0010647881 | O1240: =Regression!B1261 -> 2024.2849 | P1240: =Regression!C1261 -> 85.815236

Sheet Beta
B1: Beta Calculation
B3: =Forecasted!L3 -> X | C3: =Forecasted!M3 -> Y | E3: SUMMARY OUTPUT
B4: =Forecasted!L4 -> 0 | C4: =Forecasted!M4 -> 0
B5: =Forecasted!L5 -> -0.0028782098 | C5: =Forecasted!M5 -> 0.0047168862 | E5: Regression Statistics
B6: =Forecasted!L6 -> -0.0041891404 | C6: =Forecasted!M6 -> 0.013149368 | E6: Multiple R | F6: 0.29387936
B7: =Forecasted!L7 -> -0.0017112919 | C7: =Forecasted!M7 -> -0.0085254242 | E7: R Square | F7: 0.086365079
B8: =Forecasted!L8 -> -0.0026396972 | C8: =Forecasted!M8 -> 0.0027109547 | E8: Adjusted R Square | F8: 0.085625294
B9: =Forecasted!L9 -> 0.002691339 | C9: =Forecasted!M9 -> 0.0037530772 | E9: Standard Error | F9: 0.012182931
B10: =Forecasted!L10 -> 0.0071331883 | C10: =Forecasted!M10 -> 0.0047240907 | E10: Observations | F10: 1237
B11: =Forecasted!L11 -> -0.0010167522 | C11: =Forecasted!M11 -> -0.010624002
B12: =Forecasted!L12 -> 0.0038816172 | C12: =Forecasted!M12 -> 0.0037004739 | E12: ANOVA
B13: =Forecasted!L13 -> -0.0095562557 | C13: =Forecasted!M13 -> -0.013740615 | F13: df | G13: SS | H13: MS | I13: F | J13: Significance F
B14: =Forecasted!L14 -> -0.0024224839 | C14: =Forecasted!M14 -> 0.0015932724 | E14: Regression | F14: 1 | G14: 0.017327506 | H14: 0.017327506 | I14: 116.74343 | J14: 4.5850923e-26
B15: =Forecasted!L15 -> 0.00017844744 | C15: =Forecasted!M15 -> -0.0029777188 | E15: Residual | F15: 1235 | G15: 0.18330342 | H15: 0.00014842382
B16: =Forecasted!L16 -> 0.0076309855 | C16: =Forecasted!M16 -> -0.0030481614 | E16: Total | F16: 1236 | G16: 0.20063092
B17: =Forecasted!L17 -> 0.0026308921 | C17: =Forecasted!M17 -> -0.0089669066
B18: =Forecasted!L18 -> 0.0044310723 | C18: =Forecasted!M18 -> -0.0010354383 | F18: Coefficients | G18: Standard Error | H18: t Stat | I18: P-value | J18: Lower 95% | K18: Upper 95% | L18: Lower 95.0% | M18: Upper 95.0%
B19: =Forecasted!L19 -> -5.0225737e-05 | C19: =Forecasted!M19 -> 0.0020934421 | E19: Intercept | F19: -9.3356603e-05 | G19: 0.00034668091 | H19: -0.26928683 | I19: 0.78775395 | J19: -0.00077350528 | K19: 0.00058679207 | L19: -0.00077350528 | M19: 0.00058679207
B20: =Forecasted!L20 -> -0.010738912 | C20: =Forecasted!M20 -> -0.0036197161 | E20: X | F20: 0.43258431 | G20: 0.040036356 | H20: 10.804787 | I20: 4.5850923e-26 | J20: 0.35403752 | K20: 0.51113111 | L20: 0.35403752 | M20: 0.51113111
B21: =Forecasted!L21 -> -0.0076369809 | C21: =Forecasted!M21 -> 0.010898377
B22: =Forecasted!L22 -> 0.012279233 | C22: =Forecasted!M22 -> -0.023307112
B23: =Forecasted!L23 -> 0.0020222383 | C23: =Forecasted!M23 -> -0.0084307107
B24: =Forecasted!L24 -> -0.0019929055 | C24: =Forecasted!M24 -> -0.0039863607
B25: =Forecasted!L25 -> -0.0049290812 | C25: =Forecasted!M25 -> -0.0026823052
B26: =Forecasted!L26 -> -0.0023528989 | C26: =Forecasted!M26 -> 0.008111411
B27: =Forecasted!L27 -> 0.004395445 | C27: =Forecasted!M27 -> -0.011285801
B28: =Forecasted!L28 -> -0.0009760395 | C28: =Forecasted!M28 -> -0.00062084098
B29: =Forecasted!L29 -> 0.0077460001 | C29: =Forecasted!M29 -> -0.00021430266
B30: =Forecasted!L30 -> 0.015460956 | C30: =Forecasted!M30 -> 0.023169622
B31: =Forecasted!L31 -> 0.0079382425 | C31: =Forecasted!M31 -> -0.0040851463
B32: =Forecasted!L32 -> 0.0022018725 | C32: =Forecasted!M32 -> -0.0081611307
... B1240: =Forecasted!L1240 -> 0 | C1240: =Forecasted!M1240 -> -0.0010647881

Sheet Historical
B1: Historical Sheet
B3: BETA | C3: =Beta!F20 -> 0.43258431 | E3: =PERCENTILE(E6:E1239,0.05) -> -12.098786
B5: S no. | C5: Market Return | D5: Stock Return | E5: Expected Return | G5: Expected price
B6: 1 | C6: =Beta!B4 -> 0 | D6: =C6*$C$3 -> 0 | E6: =D6*$F$6 -> 0 | F6: =Forecasted!O1240 -> 2024.2849 | G6: =E6+$F$6 -> 2024.2849
B7: =B6+1 -> 2 | C7: =Beta!B5 -> -0.0028782098 | D7: =C7*$C$3 -> -0.0012450684 | E7: =D7*$F$6 -> -2.5203731 | G7: =E7+$F$6 -> 2021.7645
B8: =B7+1 -> 3 | C8: =Beta!B6 -> -0.0041891404 | D8: =C8*$C$3 -> -0.0018121564 | E8: =D8*$F$6 -> -3.6683208 | G8: =E8+$F$6 -> 2020.6165
B9: =B8+1 -> 4 | C9: =Beta!B7 -> -0.0017112919 | D9: =C9*$C$3 -> -0.00074027803 | E9: =D9*$F$6 -> -1.4985336 | G9: =E9+$F$6 -> 2022.7863
B10: =B9+1 -> 5 | C10: =Beta!B8 -> -0.0026396972 | D10: =C10*$C$3 -> -0.0011418916 | E10: =D10*$F$6 -> -2.3115139 | G10: =E10+$F$6 -> 2021.9733
B11: =B10+1 -> 6 | C11: =Beta!B9 -> 0.002691339 | D11: =C11*$C$3 -> 0.001164231 | E11: =D11*$F$6 -> 2.3567352 | G11: =E11+$F$6 -> 2026.6416
B12: =B11+1 -> 7 | C12: =Beta!B10 -> 0.0071331883 | D12: =C12*$C$3 -> 0.0030857053 | E12: =D12*$F$6 -> 6.2463466 | G12: =E12+$F$6 -> 2030.5312
B13: =B12+1 -> 8 | C13: =Beta!B11 -> -0.0010167522 | D13: =C13*$C$3 -> -0.00043983104 | E13: =D13*$F$6 -> -0.89034331 | G13: =E13+$F$6 -> 2023.3945
B14: =B13+1 -> 9 | C14: =Beta!B12 -> 0.0038816172 | D14: =C14*$C$3 -> 0.0016791267 | E14: =D14*$F$6 -> 3.3990307 | G14: =E14+$F$6 -> 2027.6839
B15: =B14+1 -> 10 | C15: =Beta!B13 -> -0.0095562557 | D15: =C15*$C$3 -> -0.0041338863 | E15: =D15*$F$6 -> -8.3681635 | G15: =E15+$F$6 -> 2015.9167
B16: =B15+1 -> 11 | C16: =Beta!B14 -> -0.0024224839 | D16: =C16*$C$3 -> -0.0010479285 | E16: =D16*$F$6 -> -2.1213059 | G16: =E16+$F$6 -> 2022.1636
B17: =B16+1 -> 12 | C17: =Beta!B15 -> 0.00017844744 | D17: =C17*$C$3 -> 7.7193565e-05 | E17: =D17*$F$6 -> 0.15626177 | G17: =E17+$F$6 -> 2024.4411
B18: =B17+1 -> 13 | C18: =Beta!B16 -> 0.0076309855 | D18: =C18*$C$3 -> 0.0033010446 | E18: =D18*$F$6 -> 6.6822546 | G18: =E18+$F$6 -> 2030.9671
... B1239: =B1238+1 -> 1234 | C1239: =Beta!B1237 -> 0.0082920566 | D1239: =C1239*$C$3 -> 0.0035870136 | E1239: =D1239*$F$6 -> 7.2611373 | G1239: =E1239+$F$6 -> 2031.546
